location_id,location_name,city,state,mapping_source
12,SPARTAN - IIT Kanpur,Kanpur,Uttar Pradesh,override
13,"Delhi Technological University, Delhi - CPCB",Delhi,Delhi,parsed_city_lookup
15,IGI Airport,,,unmapped
16,Civil Lines,,,unmapped
17,"R K Puram, Delhi - DPCC",Delhi,Delhi,parsed_agency
50,"Punjabi Bagh, Delhi - DPCC",Delhi,Delhi,parsed_agency
103,"Income Tax Office, Delhi - CPCB",Delhi,Delhi,parsed_city_lookup
235,"Anand Vihar, New Delhi - DPCC",Delhi,Delhi,parsed_agency
236,"Mandir Marg, Delhi - DPCC",Delhi,Delhi,parsed_agency
286,Collectorate - Gaya - BSPCB,Gaya,Bihar,parsed_agency
301,"Vikas Sadan, Gurugram - HSPCB",Gurugram,Haryana,parsed_agency
346,"MD University, Rohtak - HSPCB",Rohtak,Haryana,parsed_agency
354,"Lalbagh, DN Park",,,unmapped
378,Alandur Bus Depot,,,unmapped
407,"Zoo Park, Hyderabad - TSPCB",Hyderabad,Telangana,parsed_agency
412,"Peenya, Bengaluru - KSPCB",Bengaluru,Karnataka,parsed_agency
431,"IHBAS, Delhi - CPCB",Delhi,Delhi,parsed_city_lookup
594,"BTM Layout, Bengaluru - KSPCB",Bengaluru,Karnataka,parsed_agency
697,"Haldia, Haldia - WBPCB",Haldia,West Bengal,parsed_agency
703,Collectorate Jodhpur - RSPCB,Jodhpur,Rajasthan,override
716,"Rabindra Bharati University, Kolkata - WBSPCB",Kolkata,West Bengal,parsed_city_lookup
797,City Railway Station - KSPCB,,,unmapped
854,Chandrapur,,,unmapped
860,"Sanjay Palace, Agra - UPPCB",Agra,Uttar Pradesh,parsed_agency
910,Victoria Memorial - WBSPCB,Kolkata,West Bengal,override
985,Collectorate - Muzaffarpur - BSPCB,Muzaffarpur,Bihar,parsed_agency
2345,VK Industrial Area Jaipur - RSPCB,Jaipur,Rajasthan,override
2456,"Talkatora District Industries Center, Lucknow - CPCB",Lucknow,Uttar Pradesh,parsed_city_lookup
2459,US Diplomatic Post: Hyderabad,Hyderabad,Telangana,override
2460,US Diplomatic Post: Kolkata,Kolkata,West Bengal,override
2461,US Diplomatic Post: Chennai,Chennai,Tamil Nadu,override
2463,Central School,,,unmapped
2503,"Shadipur, Delhi - CPCB",Delhi,Delhi,parsed_city_lookup
2549,IIT,,,unmapped
2583,"Sector-6, Panchkula - HSPCB",Panchkula,Haryana,parsed_agency
2585,AAQMS Karve Road Pune,Pune,Maharashtra,override
2586,"Manali, Chennai - CPCB",Chennai,Tamil Nadu,parsed_city_lookup
2587,"Sector16A, Faridabad - HSPCB",Faridabad,Haryana,parsed_agency
2589,SaneguravaHalli - KSPCB,,,unmapped
2591,Ardhali Bazar,,,unmapped
2592,"BWSSB Kadabesanahalli, Bengaluru - KSPCB",Bengaluru,Karnataka,parsed_agency
2593,IGSC Planetarium Complex - Patna - BSPCB,Patna,Bihar,parsed_agency
2594,"Sanathnagar, Hyderabad - TSPCB",Hyderabad,Telangana,parsed_agency
2595,Nehru Nagar,,,unmapped
2596,"Solapur, Solapur - MPCB",Solapur,Maharashtra,parsed_agency
2597,US Diplomatic Post: New Delhi,Delhi,Delhi,override
2598,Navi Mumbai Municipal Corporation Airoli,Navi Mumbai,Maharashtra,override
5404,"Pusa, Delhi - IMD",Delhi,Delhi,parsed_city_lookup
5408,"Secretariat, Amaravati - APPCB",Amaravati,Andhra Pradesh,parsed_agency
5443,"Mahakaleshwar Temple, Ujjain - MPPCB",Ujjain,Madhya Pradesh,parsed_agency
5505,"Birla Staff colony, Satna - MPPCB",Satna,Madhya Pradesh,parsed_agency
5509,"Anand Vihar, Delhi - DPCC",Delhi,Delhi,parsed_agency
5540,"Punjabi Bagh, Delhi - DPCC",Delhi,Delhi,parsed_agency
5541,"Burari Crossing, New Delhi - IMD",Delhi,Delhi,parsed_city_lookup
5542,"Civil Line, Jalandhar - PPCB",Jalandhar,Punjab,parsed_agency
5544,"Model Town, Patiala - PPCB",Patiala,Punjab,parsed_agency
5546,Tata Stadium - Jorapokhar - JSPCB,Jorapokhar,Jharkhand,parsed_agency
5547,"BWSSB Kadabesanahalli, Bengaluru - CPCB",Bengaluru,Karnataka,parsed_city_lookup
5548,"BTM Layout, Bengaluru - CPCB",Bengaluru,Karnataka,parsed_city_lookup
5551,"Golden Temple, Amritsar - PPCB",Amritsar,Punjab,parsed_agency
5552,"MD University, Rohtak - HSPCB",Rohtak,Haryana,parsed_agency
5558,"Alandur Bus Depot, Chennai - CPCB",Chennai,Tamil Nadu,parsed_city_lookup
5559,"Collectorate, Gaya - BSPCB",Gaya,Bihar,parsed_agency
5565,"MIDC Khutala, Chandrapur - MPCB",Chandrapur,Maharashtra,parsed_agency
5566,"Talcher Coalfields,Talcher - OSPCB",Talcher,Odisha,parsed_agency
5569,"Punjab Agricultural University, Ludhiana - PPCB",Ludhiana,Punjab,parsed_agency
5570,"Aya Nagar, New Delhi - IMD",Delhi,Delhi,parsed_city_lookup
5574,"City Railway Station, Bengaluru - KSPCB",Bengaluru,Karnataka,parsed_agency
5576,"Moti Doongri, Alwar - RSPCB",Alwar,Rajasthan,parsed_agency
5581,"Pusa, New Delhi - IMD",Delhi,Delhi,parsed_city_lookup
5585,"Ashok Nagar, Udaipur - RSPCB",Udaipur,Rajasthan,parsed_agency
5586,"Sirifort, Delhi - CPCB",Delhi,Delhi,parsed_city_lookup
5587,"Collectorate, Jodhpur - RSPCB",Jodhpur,Rajasthan,parsed_agency
5588,"RIICO Ind. Area III, Bhiwadi - RSPCB",Bhiwadi,Rajasthan,parsed_agency
5590,"Ardhali Bazar, Varanasi - UPPCB",Varanasi,Uttar Pradesh,parsed_agency
5592,"Gangapur Road, Nashik - MPCB",Nashik,Maharashtra,parsed_agency
5593,"Pimpleshwar Mandir, Thane - MPCB",Thane,Maharashtra,parsed_agency
5594,"Muzaffarpur Collectorate, Muzaffarpur - BSPCB",Muzaffarpur,Bihar,parsed_agency
5596,"Secretariat, Amaravati - APPCB",Amaravati,Andhra Pradesh,parsed_agency
5598,"Sector - 125, Noida, UP - UPPCB",Noida,Uttar Pradesh,parsed_agency
5599,"Bollaram Industrial Area, Hyderabad - TSPCB",Hyderabad,Telangana,parsed_agency
5601,"Lajpat Nagar, Moradabad - UPPCB",Moradabad,Uttar Pradesh,parsed_agency
5602,"Asansol Court Area, Asansol - WBPCB",Asansol,West Bengal,parsed_agency
5603,"Sector-2 Industrial Area, Pithampur - MPPCB",Pithampur,Madhya Pradesh,parsed_agency
5604,"Nishant Ganj, Lucknow - UPPCB",Lucknow,Uttar Pradesh,parsed_agency
5607,"Peenya, Bengaluru - CPCB",Bengaluru,Karnataka,parsed_city_lookup
5608,"GM Office, Brajrajnagar - OSPCB",Brajrajnagar,Odisha,parsed_agency
5609,"Anam Kala Kendram, Rajamahendravaram - APPCB",Rajamahendravaram,Andhra Pradesh,parsed_agency
5610,"North Campus, DU, Delhi - IMD",Delhi,Delhi,parsed_city_lookup
5611,"Chandrapur, Chandrapur - MPCB",Chandrapur,Maharashtra,parsed_agency
5612,"Shastri Nagar, Jaipur - RSPCB",Jaipur,Rajasthan,parsed_agency
5613,"ITO, New Delhi - CPCB",Delhi,Delhi,parsed_city_lookup
5614,"Padmapukur, Howrah - WBPCB",Howrah,West Bengal,parsed_agency
5615,"Sidhu Kanhu Indoor Stadium, Durgapur - WBPCB",Durgapur,West Bengal,parsed_agency
5616,"Sector - 62, Noida, UP - IMD",Noida,Uttar Pradesh,parsed_city_lookup
5617,"Sector- 16A, Faridabad - HSPCB",Faridabad,Haryana,parsed_agency
5619,"Vindhyachal STPS, Singrauli - MPPCB",Singrauli,Madhya Pradesh,parsed_agency
5621,"Opp GPO Civil Lines, Nagpur - MPCB",Nagpur,Maharashtra,parsed_agency
5622,"NSIT Dwarka, Delhi - CPCB",Delhi,Delhi,parsed_city_lookup
5623,"Central University, Hyderabad - TSPCB",Hyderabad,Telangana,parsed_agency
5624,"IDA Pashamylaram, Hyderabad - TSPCB",Hyderabad,Telangana,parsed_agency
5625,"RIMT University, Mandi Gobindgarh - PPCB",Mandi Gobindgarh,Punjab,parsed_agency
5626,"DTU, New Delhi - CPCB",Delhi,Delhi,parsed_city_lookup
5627,"CRRI Mathura Road, New Delhi - IMD",Delhi,Delhi,parsed_city_lookup
5628,"GVM Corporation, Visakhapatnam - APPCB",Visakhapatnam,Andhra Pradesh,parsed_agency
5630,"Shadipur, Delhi - CPCB",Delhi,Delhi,parsed_city_lookup
5631,"Maninagar, Ahmedabad - GPCB",Ahmedabad,Gujarat,parsed_agency
5632,"Sector-D Industrial Area, Mandideep - MPPCB",Mandideep,Madhya Pradesh,parsed_agency
5633,"Police Commissionerate, Jaipur - RSPCB",Jaipur,Rajasthan,parsed_agency
5634,"Lodhi Road, New Delhi - IMD",Delhi,Delhi,parsed_city_lookup
5635,"Adarsh Nagar, Jaipur - RSPCB",Jaipur,Rajasthan,parsed_agency
5636,"Shrinath Puram, Kota - RSPCB",Kota,Rajasthan,parsed_agency
5638,"Indira Colony Vistar, Pali - RSPCB",Pali,Rajasthan,parsed_agency
5639,"R K Puram, New Delhi - DPCC",Delhi,Delhi,parsed_agency
5641,"Mandir Marg, New Delhi - DPCC",Delhi,Delhi,parsed_agency
5642,"More Chowk Waluj, Aurangabad - MPCB",Aurangabad,Maharashtra,parsed_agency
5644,"Sanegurava Halli, Bengaluru - KSPCB",Bengaluru,Karnataka,parsed_agency
5645,"ICRISAT Patancheru, Hyderabad - TSPCB",Hyderabad,Telangana,parsed_agency
5646,"Plammoodu, Thiruvananthapuram - Kerala PCB",Thiruvananthapuram,Kerala,parsed_agency
5647,"Sanathnagar, Hyderabad - TSPCB",Hyderabad,Telangana,parsed_agency
5648,"Ward-32 Bapupara, Siliguri - WBPCB",Siliguri,West Bengal,parsed_agency
5649,"Tirumala, Tirupati - APPCB",Tirupati,Andhra Pradesh,parsed_agency
5650,"IGI Airport (T3), Delhi - IMD",Delhi,Delhi,parsed_city_lookup
5652,"IGSC Planetarium Complex, Patna - BSPCB",Patna,Bihar,parsed_agency
5655,"Velachery Res. Area, Chennai - CPCB",Chennai,Tamil Nadu,parsed_city_lookup
5657,"Central School, Lucknow - CPCB",Lucknow,Uttar Pradesh,parsed_city_lookup
5659,"Lalbagh, Lucknow - CPCB",Lucknow,Uttar Pradesh,parsed_city_lookup
5661,"Karve Road Pune, Pune - MPCB",Pune,Maharashtra,parsed_agency
5662,"Nehru Nagar, Kanpur - UPPCB",Kanpur,Uttar Pradesh,parsed_agency
5664,"PWD Grounds, Vijayawada - APPCB",Vijayawada,Andhra Pradesh,parsed_agency
5665,"Vasundhara, Ghaziabad - UPPCB",Ghaziabad,Uttar Pradesh,parsed_agency
5667,"Bhopal Chauraha, Dewas - MPPCB",Dewas,Madhya Pradesh,parsed_agency
5742,"Patparganj, Delhi - DPCC",Delhi,Delhi,parsed_agency
5743,"Rohini, Delhi - DPCC",Delhi,Delhi,parsed_agency
5744,"Dr. Karni Singh Shooting Range, Delhi - DPCC",Delhi,Delhi,parsed_agency
5745,"Ghusuri, Howrah - WBPCB",Howrah,West Bengal,parsed_agency
5753,"Vivek Vihar, Delhi - DPCC",Delhi,Delhi,parsed_agency
5754,"Jawaharlal Nehru Stadium, Delhi - DPCC",Delhi,Delhi,parsed_agency
5755,"Major Dhyan Chand National Stadium, Delhi - DPCC",Delhi,Delhi,parsed_agency
5759,"Sonia Vihar, Delhi - DPCC",Delhi,Delhi,parsed_agency
5760,"Dwarka-Sector 8, Delhi - DPCC ",Delhi,Delhi,parsed_agency
5761,"Jahangirpuri, Delhi - DPCC",Delhi,Delhi,parsed_agency
5762,"Ashok Vihar, Delhi - DPCC",Delhi,Delhi,parsed_agency
5763,"Narela, Delhi - DPCC",Delhi,Delhi,parsed_agency
5765,"Okhla Phase-2, Delhi - DPCC",Delhi,Delhi,parsed_agency
5766,"Nehru Nagar, Delhi - DPCC",Delhi,Delhi,parsed_agency
6310,"Rabindra Bharati University, Kolkata - WBPCB",Kolkata,West Bengal,parsed_agency
6314,"NISE Gwal Pahari, Gurugram - IMD",Gurugram,Haryana,parsed_city_lookup
6356,"Pusa, Delhi - DPCC",Delhi,Delhi,parsed_agency
6357,"Punjabi Bagh, Delhi - DPCC",Delhi,Delhi,parsed_agency
6358,"Mandir Marg, New Delhi - DPCC",Delhi,Delhi,parsed_agency
6359,"IHBAS, Dilshad Garden,New Delhi - CPCB",Delhi,Delhi,parsed_city_lookup
6442,"Ratanpura, Rupnagar - Ambuja Cements",Rupnagar,Punjab,override
6443,"Bandhavgar Colony, Satna - Birla Cement",Satna,Madhya Pradesh,parsed_city_lookup
6920,"Manali Village, Chennai - TNPCB",Chennai,Tamil Nadu,parsed_agency
6923,"New Mandi, Muzaffarnagar - UPPCB",Muzaffarnagar,Uttar Pradesh,parsed_agency
6924,"Indirapuram, Ghaziabad - UPPCB",Ghaziabad,Uttar Pradesh,parsed_agency
6927,"Colaba, Mumbai - MPCB",Mumbai,Maharashtra,parsed_agency
6928,"Vasai West, Mumbai - MPCB",Mumbai,Maharashtra,parsed_agency
6929,"Major Dhyan Chand National Stadium, Delhi - DPCC",Delhi,Delhi,parsed_agency
6930,"Gobind Pura, Yamuna Nagar - HSPCB",Yamuna Nagar,Haryana,parsed_agency
6931,"Dwarka-Sector 8, Delhi - DPCC",Delhi,Delhi,parsed_agency
6932,"Alipur, Delhi - DPCC",Delhi,Delhi,parsed_agency
6933,"Shasthri Nagar, Ratlam - IPCA Lab",Ratlam,Madhya Pradesh,override
6934,"Dr. Karni Singh Shooting Range, Delhi - DPCC",Delhi,Delhi,parsed_agency
6935,"Urban Estate-II, Hisar - HSPCB",Hisar,Haryana,parsed_agency
6936,"Arya Nagar, Bahadurgarh - HSPCB",Bahadurgarh,Haryana,parsed_agency
6937,"Sector-10, Gandhinagar - GPCB",Gandhinagar,Gujarat,parsed_agency
6938,"Vivek Vihar, Delhi - DPCC",Delhi,Delhi,parsed_agency
6939,"Hardev Nagar, Bathinda - PPCB",Bathinda,Punjab,parsed_agency
6940,"Kalal Majra, Khanna - PPCB",Khanna,Punjab,parsed_agency
6941,"Railway Colony, Guwahati - APCB",Guwahati,Assam,parsed_city_lookup
6942,"Phase-4 GIDC, Vatva - GPCB",Vatva,Gujarat,parsed_agency
6943,"Mahape, Navi Mumbai - MPCB",Navi Mumbai,Maharashtra,parsed_agency
6944,"H.B. Colony, Bhiwani - HSPCB",Bhiwani,Haryana,parsed_agency
6945,"Kurla, Mumbai - MPCB",Mumbai,Maharashtra,parsed_agency
6946,"Belur Math, Howrah - WBPCB",Howrah,West Bengal,parsed_agency
6947,"General Hospital, Mandikhera - HSPCB",Mandikhera,Haryana,parsed_agency
6948,"Chhatrapati Shivaji Intl. Airport (T2), Mumbai - MPCB",Mumbai,Maharashtra,parsed_agency
6949,"Municipal Corporation Office, Dharuhera -  HSPCB",Dharuhera,Haryana,parsed_agency
6950,"Jadavpur, Kolkata - WBPCB",Kolkata,West Bengal,parsed_agency
6951,"Murthal, Sonipat - HSPCB",Sonipat,Haryana,parsed_agency
6952,"F-Block, Sirsa - HSPCB",Sirsa,Haryana,parsed_agency
6953,"Sector-2 IMT, Manesar - HSPCB",Manesar,Haryana,parsed_agency
6954,"Chikkaballapur Rural, Chikkaballapur - KSPCB",Chikkaballapur,Karnataka,parsed_agency
6955,"Lal Bahadur Shastri Nagar, Kalaburagi - KSPCB",Kalaburagi,Karnataka,parsed_agency
6956,"Powai, Mumbai - MPCB",Mumbai,Maharashtra,parsed_agency
6957,"Jawaharlal Nehru Stadium, Delhi - DPCC",Delhi,Delhi,parsed_agency
6958,"Sector-18, Panipat - HSPCB",Panipat,Haryana,parsed_agency
6959,"Siddharth Nagar-Worli, Mumbai - IITM",Mumbai,Maharashtra,parsed_city_lookup
6960,"Patparganj, Delhi - DPCC",Delhi,Delhi,parsed_agency
6961,"Shrivastav Colony, Damoh - MPPCB",Damoh,Madhya Pradesh,parsed_agency
6962,"GIDC, Ankleshwar - GPCB",Ankleshwar,Gujarat,parsed_agency
6963,"Police Lines, Jind - HSPCB",Jind,Haryana,parsed_agency
6964,"Patti Mehar, Ambala - HSPCB",Ambala,Haryana,parsed_agency
6965,"Borivali East, Mumbai - MPCB",Mumbai,Maharashtra,parsed_agency
6966,"Udyogamandal, Eloor - Kerala PCB",Eloor,Kerala,parsed_agency
6967,"Sion, Mumbai - MPCB",Mumbai,Maharashtra,parsed_agency
6968,"Phase-1 GIDC, Vapi - GPCB",Vapi,Gujarat,parsed_agency
6969,"Huda Sector, Fatehabad - HSPCB",Fatehabad,Haryana,parsed_agency
6970,"Shastri Nagar, Narnaul - HSPCB",Narnaul,Haryana,parsed_agency
6971,"Rishi Nagar, Kaithal - HSPCB",Kaithal,Haryana,parsed_agency
6972,"Nathu Colony, Ballabgarh - HSPCB",Ballabgarh,Haryana,parsed_agency
6973,"Jayanagar 5th Block, Bengaluru - KSPCB",Bengaluru,Karnataka,parsed_agency
6974,"Bapuji Nagar, Bengaluru - KSPCB",Bengaluru,Karnataka,parsed_agency
6975,"Silk Board, Bengaluru - KSPCB",Bengaluru,Karnataka,parsed_agency
6976,"Jai Bhim Nagar, Meerut - UPPCB",Meerut,Uttar Pradesh,parsed_agency
6978,"Knowledge Park - III, Greater Noida - UPPCB",Greater Noida,Uttar Pradesh,parsed_agency
6979,"New Collectorate, Baghpat - UPPCB",Baghpat,Uttar Pradesh,parsed_agency
6980,"Sector-1, Noida - UPPCB",Noida,Uttar Pradesh,parsed_agency
6981,"Fort William, Kolkata - WBPCB",Kolkata,West Bengal,parsed_agency
6982,"Deshpande Nagar, Hubballi - KSPCB",Hubballi,Karnataka,parsed_agency
6983,"Hombegowda Nagar, Bengaluru - KSPCB",Bengaluru,Karnataka,parsed_agency
6984,"Hebbal, Bengaluru - KSPCB",Bengaluru,Karnataka,parsed_agency
6985,"Yamunapuram, Bulandshahr - UPPCB",Bulandshahr,Uttar Pradesh,parsed_agency
6986,"Knowledge Park - V, Greater Noida - UPPCB",Greater Noida,Uttar Pradesh,parsed_agency
6987,"Vile Parle West, Mumbai - MPCB",Mumbai,Maharashtra,parsed_agency
6988,"Sector-116, Noida - UPPCB",Noida,Uttar Pradesh,parsed_agency
7005,"Loni, Ghaziabad - UPPCB",Ghaziabad,Uttar Pradesh,parsed_agency
7044,"R K Puram, Delhi - DPCC",Delhi,Delhi,parsed_agency
7140,"Gomti Nagar, Lucknow - UPPCB",Lucknow,Uttar Pradesh,parsed_agency
7280,"Shyam Nagar, Palwal - HSPCB",Palwal,Haryana,parsed_agency
7281,"Shyam Nagar, Palwal - HSPCB",Palwal,Haryana,parsed_agency
7282,"Sector-7, Kurukshetra - HSPCB",Kurukshetra,Haryana,parsed_agency
7283,"MD University, Rohtak - HSPCB",Rohtak,Haryana,parsed_agency
7289,"Hebbal 1st Stage, Mysuru - KSPCB",Mysuru,Karnataka,parsed_agency
7292,"Chhoti Gwaltoli, Indore - MPPCB",Indore,Madhya Pradesh,parsed_agency
7299,"Gole Bazar, Katni - MPPCB",Katni,Madhya Pradesh,parsed_agency
7434,"East Arjun Nagar, Delhi - CPCB",Delhi,Delhi,parsed_city_lookup
7494,"SFTI Kusdihra, Gaya - BSPCB",Gaya,Bihar,parsed_agency
7495,"DRM Office Danapur, Patna - BSPCB",Patna,Bihar,parsed_agency
7583,"ICRISAT Patancheru, Hyderabad - TSPCB",Hyderabad,Telangana,parsed_agency
7720,"Pallavpuram Phase 2, Meerut - UPPCB",Meerut,Uttar Pradesh,parsed_agency
7752,"Khadakpada, Kalyan - MPCB",Kalyan,Maharashtra,parsed_agency
7777,"Lal Bahadur Shastri Nagar, Kalaburagi - KSPCB",Kalaburagi,Karnataka,parsed_agency
7833,"Ganga Nagar, Meerut - UPPCB",Meerut,Uttar Pradesh,parsed_agency
7850,"Bandra, Mumbai - MPCB",Mumbai,Maharashtra,parsed_agency
7880,"Sikulpuikawn, Aizawl - Mizoram PCB",Aizawl,Mizoram,parsed_agency
7901,"Corporation Ground, Thrissur- Kerala PCB",Thrissur,Kerala,parsed_agency
7979,"Deen Dayal Nagar, Sagar - MPPCB",Sagar,Madhya Pradesh,parsed_agency
8035,"Ibrahimpur, Vijayapura - KSPCB",Vijayapura,Karnataka,parsed_agency
8039,Mumbai,Mumbai,Maharashtra,override
8092,"East Arjun Nagar, Delhi - CPCB",Delhi,Delhi,parsed_city_lookup
8118,New Delhi,Delhi,Delhi,override
8153,"Urban, Chamarajanagar - KSPCB",Chamarajanagar,Karnataka,parsed_agency
8171,"GIDC, Nandesari - Nandesari Ind. Association",Nandesari,Gujarat,override
8172,US Diplomatic Post: Kolkata,Kolkata,West Bengal,override
8190,"Kariavattom, Thiruvananthapuram - Kerala PCB",Thiruvananthapuram,Kerala,parsed_agency
8235,"Jahangirpuri, Delhi - DPCC",Delhi,Delhi,parsed_agency
8239,"Okhla Phase-2, Delhi - DPCC",Delhi,Delhi,parsed_agency
8245,"Gole Bazar, Katni - MPPCB",Katni,Madhya Pradesh,parsed_agency
8319,"Anand Vihar, Hapur - UPPCB",Hapur,Uttar Pradesh,parsed_agency
8365,"Nehru Nagar, Delhi - DPCC",Delhi,Delhi,parsed_agency
8472,"Bawana, Delhi - DPCC",Delhi,Delhi,parsed_agency
8475,"Sonia Vihar, Delhi - DPCC",Delhi,Delhi,parsed_agency
8557,Hyderabad,Hyderabad,Telangana,override
8558,Chennai,Chennai,Tamil Nadu,override
8914,"SIDCO Kurichi, Coimbatore - TNPCB",Coimbatore,Tamil Nadu,parsed_agency
8915,"Wazirpur, Delhi - DPCC",Delhi,Delhi,parsed_agency
8916,"Vyttila, Kochi - Kerala PCB",Kochi,Kerala,parsed_agency
8917,"Ashok Vihar, Delhi - DPCC",Delhi,Delhi,parsed_agency
10484,"Sri Aurobindo Marg, Delhi - DPCC",Delhi,Delhi,parsed_agency
10485,"Narela, Delhi - DPCC",Delhi,Delhi,parsed_agency
10486,"Mundka, Delhi - DPCC",Delhi,Delhi,parsed_agency
10487,"Anand Vihar, Delhi - DPCC",Delhi,Delhi,parsed_agency
10488,"Najafgarh, Delhi - DPCC",Delhi,Delhi,parsed_agency
10489,"ITO, Delhi - CPCB",Delhi,Delhi,parsed_city_lookup
10537,"Vidayagiri, Bagalkot - KSPCB",Bagalkot,Karnataka,parsed_agency
10545,"Civil Lines, Ajmer - RSPCB",Ajmer,Rajasthan,parsed_agency
10599,"Rajbansi Nagar, Patna - BSPCB",Patna,Bihar,parsed_agency
10609,"Hebbal 1st Stage, Mysuru - KSPCB",Mysuru,Karnataka,parsed_agency
10630,"Govt. High School Shikarpur, Patna - BSPCB",Patna,Bihar,parsed_agency
10633,"Victoria, Kolkata - WBPCB",Kolkata,West Bengal,parsed_agency
10645,"Industrial Area, Hajipur - BSPCB",Hajipur,Bihar,parsed_agency
10670,"Muradpur, Patna - BSPCB",Patna,Bihar,parsed_agency
10695,"Ratanpura, Rupnagar - Ambuja Cements",Rupnagar,Punjab,override
10697,"Samanpura, Patna - BSPCB",Patna,Bihar,parsed_agency
10725,"Mini Secretariat, Charkhi Dadri - HSPCB",Charkhi Dadri,Haryana,parsed_agency
10747,"Thavakkara, Kannur - Kerala PCB",Kannur,Kerala,parsed_agency
10780,"Manali Village, Chennai - TNPCB",Chennai,Tamil Nadu,parsed_agency
10820,"Sector 30, Faridabad - HSPCB",Faridabad,Haryana,parsed_agency
10823,"Buddha Colony, Muzaffarpur - BSPCB",Muzaffarpur,Bihar,parsed_agency
10825,"Sector-51, Gurugram - HSPCB",Gurugram,Haryana,parsed_agency
10831,"Rohini, Delhi - DPCC",Delhi,Delhi,parsed_agency
10844,"Ghusuri, Howrah - WBPCB",Howrah,West Bengal,parsed_agency
10851,"Bidhannagar, Kolkata - WBPCB",Kolkata,West Bengal,parsed_agency
10895,"Lumpyngngad, Shillong - Meghalaya PCB",Shillong,Meghalaya,parsed_agency
10896,"Chhoti Gwaltoli, Indore - MPPCB",Indore,Madhya Pradesh,parsed_agency
10897,"ICRISAT Patancheru, Hyderabad - TSPCB",Hyderabad,Telangana,parsed_agency
10898,"Palayam, Kozhikode - Kerala PCB",Kozhikode,Kerala,parsed_agency
10900,"Teri Gram, Gurugram - HSPCB",Gurugram,Haryana,parsed_agency
10901,"PWD Juction, Kohima - NPCB",Kohima,Nagaland,parsed_agency
10902,"Kalyana Nagara, Chikkamagaluru - KSPCB",Chikkamagaluru,Karnataka,parsed_agency
10903,"Railway Colony, Guwahati - APCB",Guwahati,Assam,parsed_city_lookup
10904,"Rabindra Sarobar, Kolkata - WBPCB",Kolkata,West Bengal,parsed_agency
10905,"Rishi Nagar, Kaithal - HSPCB",Kaithal,Haryana,parsed_agency
10906,"Murthal, Sonipat - HSPCB",Sonipat,Haryana,parsed_agency
10907,"City Center, Gwalior - MPPCB",Gwalior,Madhya Pradesh,parsed_agency
10908,"Sector 11, Faridabad - HSPCB",Faridabad,Haryana,parsed_agency
10909,"Vijay Nagar, Ramanagara - KSPCB",Ramanagara,Karnataka,parsed_agency
10910,"Sector-12, Karnal - HSPCB",Karnal,Haryana,parsed_agency
10911,"Marhatal, Jabalpur - MPPCB",Jabalpur,Madhya Pradesh,parsed_agency
10912,"Phool Bagh, Gwalior - Mondelez Ind. Food",Gwalior,Madhya Pradesh,parsed_city_lookup
10913,"T T Nagar, Bhopal - MPPCB",Bhopal,Madhya Pradesh,parsed_agency
10914,"Sector-25, Chandigarh - CPCC",Chandigarh,Chandigarh,parsed_agency
10915,"Polayathode, Kollam - Kerala PCB",Kollam,Kerala,parsed_agency
10916,"Kacheripady, Ernakulam - Kerala PCB",Ernakulam,Kerala,parsed_agency
10917,"Sahilara, Maihar - KJS Cements",Maihar,Madhya Pradesh,override
10918,"Ballygunge, Kolkata - WBPCB",Kolkata,West Bengal,parsed_agency
10919,"Sanjay Nagar, Ghaziabad - UPPCB",Ghaziabad,Uttar Pradesh,parsed_agency
10920,"New Industrial Town, Faridabad - HSPCB",Faridabad,Haryana,parsed_agency
10921,"NISE Gwal Pahari, Gurugram - IMD",Gurugram,Haryana,parsed_city_lookup
11577,"Vinoba Nagara, Shivamogga - KSPCB",Shivamogga,Karnataka,parsed_agency
11578,"Royapuram, Chennai - TNPCB",Chennai,Tamil Nadu,parsed_agency
11579,"Kodungaiyur, Chennai - TNPCB",Chennai,Tamil Nadu,parsed_agency
11580,"Meelavittan, Thoothukudi - TNPCB",Thoothukudi,Tamil Nadu,parsed_agency
11581,"Arumbakkam, Chennai - TNPCB",Chennai,Tamil Nadu,parsed_agency
11582,"Stuart Hill, Madikeri - KSPCB",Madikeri,Karnataka,parsed_agency
11583,"Kunjaban, Agartala - Tripura SPCB",Agartala,Tripura,parsed_agency
11602,"Bandra Kurla Complex, Mumbai - IITM",Mumbai,Maharashtra,parsed_city_lookup
11603,"Chandni Chowk, Delhi - IITM",Delhi,Delhi,parsed_city_lookup
11604,"Deonar, Mumbai - IITM",Mumbai,Maharashtra,parsed_city_lookup
11606,"Borivali East, Mumbai - IITM",Mumbai,Maharashtra,parsed_city_lookup
11607,"Lodhi Road, Delhi - IITM",Delhi,Delhi,parsed_city_lookup
11608,"Bhosari, Pune - IITM",Pune,Maharashtra,parsed_city_lookup
11609,"Mhada Colony, Pune - IITM",Pune,Maharashtra,parsed_city_lookup
11610,"Transport Nagar-Nigdi, Pune - IITM",Pune,Maharashtra,parsed_city_lookup
11611,"Malad West, Mumbai - IITM",Mumbai,Maharashtra,parsed_city_lookup
11612,"Sector-19A Nerul, Navi Mumbai - IITM",Navi Mumbai,Maharashtra,parsed_city_lookup
11613,"Revenue Colony-Shivajinagar, Pune - IITM",Pune,Maharashtra,parsed_city_lookup
12024,"Chakala-Andheri East, Mumbai - IITM",Mumbai,Maharashtra,parsed_city_lookup
12039,"Khindipada-Bhandup West, Mumbai - IITM",Mumbai,Maharashtra,parsed_city_lookup
12040,"Mulund West, Mumbai - MPCB",Mumbai,Maharashtra,parsed_agency
12041,"Diwator Nagar, Koppal - KSPCB",Koppal,Karnataka,parsed_agency
12042,"Alandi, Pune - IITM",Pune,Maharashtra,parsed_city_lookup
12043,"Haji Colony, Raichur - KSPCB",Raichur,Karnataka,parsed_agency
12044,"Kandivali East, Mumbai - MPCB",Mumbai,Maharashtra,parsed_agency
12045,"IITK, Kanpur - IITK",Kanpur,Uttar Pradesh,parsed_city_lookup
12046,"Perungudi, Chennai - TNPCB",Chennai,Tamil Nadu,parsed_agency
42240,"Pan Bazaar, Guwahati - APCB",Guwahati,Assam,parsed_city_lookup
44513,"Kadri, Mangalore - KSPCB",Mangalore,Karnataka,parsed_agency
44514,"Naubad, Bidar - KSPCB",Bidar,Karnataka,parsed_agency
44515,"Panchal Nagar, Gadag - KSPCB",Gadag,Karnataka,parsed_agency
45008,"Anthoni Pillai Nagar, Gummidipoondi - TNPCB",Gummidipoondi,Tamil Nadu,parsed_agency
60656,"Tamaka Ind. Area, Kolar - KSPCB",Kolar,Karnataka,parsed_agency
60657,"Devaraj Urs Badavane, Davanagere - KSPCB",Davanagere,Karnataka,parsed_agency
60658,"Hadapsar, Pune - IITM",Pune,Maharashtra,parsed_city_lookup
60659,"Jawahar Nagar, Puducherry - PPCC",Puducherry,Puducherry,parsed_agency
60660,"MIT-Kothrud, Pune - IITM",Pune,Maharashtra,parsed_city_lookup
60661,"Siddharth Nagar-Worli, Mumbai - IITM",Mumbai,Maharashtra,parsed_city_lookup
220265,"Rajbagh, Srinagar - JKSPCB",Srinagar,Jammu and Kashmir,parsed_agency
220353,"Brahmagiri, Udupi - KSPCB",Udupi,Karnataka,parsed_agency
223145,"B.Katihalli, Hassan - KSPCB",Hassan,Karnataka,parsed_agency
223146,"Naharlagun, Naharlagun - APSPCB",Naharlagun,Arunachal Pradesh,parsed_agency
227384,"Jhunsi, Prayagraj - UPPCB",Prayagraj,Uttar Pradesh,parsed_agency
227386,"B R Ambedkar University, Lucknow - UPPCB",Lucknow,Uttar Pradesh,parsed_agency
227387,"Motilal Nehru NIT, Prayagraj - UPPCB",Prayagraj,Uttar Pradesh,parsed_agency
227533,"Rakhial, Ahmedabad - IITM",Ahmedabad,Gujarat,parsed_city_lookup
227534,"Gyaspur, Ahmedabad - IITM",Ahmedabad,Gujarat,parsed_city_lookup
227535,"Manoharpur, Agra - UPPCB",Agra,Uttar Pradesh,parsed_agency
227536,"Chandkheda, Ahmedabad - IITM",Ahmedabad,Gujarat,parsed_city_lookup
227931,"Sector-3B Avas Vikas Colony, Agra - UPPCB",Agra,Uttar Pradesh,parsed_agency
228297,"SVPI Airport Hansol, Ahmedabad - IITM",Ahmedabad,Gujarat,parsed_city_lookup
228298,"Sardar Vallabhbhai Patel Stadium, Ahmedabad - IITM",Ahmedabad,Gujarat,parsed_city_lookup
228299,"GIFT City, Gandhinagar - IITM",Gandhinagar,Gujarat,parsed_city_lookup
228300,"SAC ISRO Satellite, Ahmedabad - IITM",Ahmedabad,Gujarat,parsed_city_lookup
228301,"IIPHG Lekawada, Gandhinagar - IITM",Gandhinagar,Gujarat,parsed_city_lookup
228303,"SAC ISRO Bopal, Ahmedabad - IITM",Ahmedabad,Gujarat,parsed_city_lookup
228352,"Shastripuram, Agra - UPPCB",Agra,Uttar Pradesh,parsed_agency
228397,"IESD Banaras Hindu University, Varanasi - UPPCB",Varanasi,Uttar Pradesh,parsed_agency
228403,"Bhelupur, Varanasi - UPPCB",Varanasi,Uttar Pradesh,parsed_agency
228840,"Madan Mohan Malaviya University of Technology, Gorakhpur - UPPCB",Gorakhpur,Uttar Pradesh,parsed_agency
229195,"Maldahiya, Varanasi - UPPCB",Varanasi,Uttar Pradesh,parsed_agency
229252,"NSI Kalyanpur, Kanpur - UPPCB",Kanpur,Uttar Pradesh,parsed_agency
229404,"Kukrail Picnic Spot-1, Lucknow - UPPCB",Lucknow,Uttar Pradesh,parsed_agency
229728,"Kamalnath Nagar, Bettiah - BSPCB",Bettiah,Bihar,parsed_agency
229729,"Nagla Bhau, Firozabad - UPPCB",Firozabad,Uttar Pradesh,parsed_agency
229730,"Town Hall - Lal Bagh, Darbhanga - BSPCB",Darbhanga,Bihar,parsed_agency
229731,"Gandak Colony, Motihari - BSPCB",Motihari,Bihar,parsed_agency
229985,"D M Colony, Bihar Sharif - BSPCB",Bihar Sharif,Bihar,parsed_agency
229987,"MIT-Daudpur Kothi, Muzaffarpur - BSPCB",Muzaffarpur,Bihar,parsed_agency
233414,"Omex Eternity, Vrindavan - UPPCB",Vrindavan,Uttar Pradesh,parsed_agency
233415,"Sector 22, Chandigarh - CPCC",Chandigarh,Chandigarh,parsed_agency
233416,"Nagar Nigam, Prayagraj - UPPCB",Prayagraj,Uttar Pradesh,parsed_agency
234568,"FTI Kidwai Nagar, Kanpur - UPPCB",Kanpur,Uttar Pradesh,parsed_agency
234997,"Dharmapuri, Agra - UPPCB",Agra,Uttar Pradesh,parsed_agency
236406,"Mangala, Bilaspur - CECB",Bilaspur,Chhattisgarh,parsed_agency
270697,"Employment Office, Moradabad - UPPCB",Moradabad,Uttar Pradesh,parsed_agency
270703,"Dada Peer, Sasaram - BSPCB",Sasaram,Bihar,parsed_agency
270704,"Town Hall, Munger - BSPCB",Munger,Bihar,parsed_agency
270708,"Civic Center, Bhilai - Bhilai Steel Plant",Bhilai,Chhattisgarh,parsed_city_lookup
270720,"Mirchaibari, Katihar - BSPCB",Katihar,Bihar,parsed_agency
270721,"Mayaganj, Bhagalpur - BSPCB",Bhagalpur,Bihar,parsed_agency
270722,"Central Jail, Buxar - BSPCB",Buxar,Bihar,parsed_agency
270723,"DM Office_Kachari Chowk, Bhagalpur - BSPCB",Bhagalpur,Bihar,parsed_agency
270724,"Kareemganj, Gaya - BSPCB",Gaya,Bihar,parsed_agency
270725,"Mariam Nagar, Purnia - BSPCB",Purnia,Bihar,parsed_agency
270726,"Chitragupta Nagar, Siwan - BSPCB",Siwan,Bihar,parsed_agency
270727,"SDM Office_Khagra, Kishanganj - BSPCB",Kishanganj,Bihar,parsed_agency
270728,"Police Line, Saharsa - BSPCB",Saharsa,Bihar,parsed_agency
270729,"Darshan Nagar, Chhapra - BSPCB",Chhapra,Bihar,parsed_agency
270730,"Dangi Tola, Rajgir - BSPCB",Rajgir,Bihar,parsed_agency
270737,"Forest Rest House, Manguraha - BSPCB",Manguraha,Bihar,parsed_agency
270771,"Buddhi Vihar, Moradabad - UPPCB",Moradabad,Uttar Pradesh,parsed_agency
270774,"New DM Office, Arrah - BSPCB",Arrah,Bihar,parsed_agency
270775,"Kharahiya Basti, Araria - BSPCB",Araria,Bihar,parsed_agency
270777,"Jigar Colony, Moradabad - UPPCB",Moradabad,Uttar Pradesh,parsed_agency
270877,"Eco Herbal Park, Moradabad - UPPCB",Moradabad,Uttar Pradesh,parsed_agency
278159,"Rohta, Agra - UPPCB",Agra,Uttar Pradesh,parsed_agency
278418,"Sector-53, Chandigarh - CPCC",Chandigarh,Chandigarh,parsed_agency
278671,"Shivaji Nagar, Jhansi - UPPCB",Jhansi,Uttar Pradesh,parsed_agency
301387,"Raikhad, Ahmedabad - IITM",Ahmedabad,Gujarat,parsed_city_lookup
301388,"Sardar Patel Inter College, Baghpat - UPPCB",Baghpat,Uttar Pradesh,parsed_agency
301389,"HIMUDA Complex Phase-1, Baddi - HPPCB",Baddi,Himachal Pradesh,parsed_agency
301390,"Bardowali, Agartala - Tripura SPCB",Agartala,Tripura,parsed_agency
301391,"DM Office_Kasipur, Samastipur - BSPCB",Samastipur,Bihar,parsed_agency
301670,"Collector Office, Yadgir - KSPCB",Yadgir,Karnataka,parsed_agency
304956,"Gurdeo Nagar, Aurangabad - BSPCB",Aurangabad,Bihar,parsed_agency
306252,"DRCC Anandpur, Begusarai - BSPCB",Begusarai,Bihar,parsed_agency
307463,"Zero Point GICI, Gangtok - SSPCB",Gangtok,Sikkim,override
309803,"Ashwini Nagar, Haveri - KSPCB",Haveri,Karnataka,parsed_agency
313410,"DM College of Science, Imphal - Manipur PCB",Imphal,Manipur,parsed_agency
313411,"JN Stadium, Shillong - Meghalaya PCB",Shillong,Meghalaya,parsed_agency
313923,"Manipur University, Imphal - Manipur PCB",Imphal,Manipur,parsed_agency
317035,"Doon University, Dehradun - UKPCB",Dehradun,Uttarakhand,parsed_agency
330021,"Vibhab Nagar, Firozabad - UPPCB",Firozabad,Uttar Pradesh,parsed_agency
344103,"ECIL Kapra, Hyderabad - TSPCB",Hyderabad,Telangana,parsed_agency
344104,"Kompally Municipal Office, Hyderabad - TSPCB",Hyderabad,Telangana,parsed_agency
344140,"Somajiguda, Hyderabad - TSPCB",Hyderabad,Telangana,parsed_agency
344142,"Nacharam_TSIIC IALA, Hyderabad - TSPCB",Hyderabad,Telangana,parsed_agency
344144,"IITH Kandi, Hyderabad - TSPCB",Hyderabad,Telangana,parsed_agency
346257,"Ramachandrapuram, Hyderabad - TSPCB",Hyderabad,Telangana,parsed_agency
346258,"Kokapet, Hyderabad - TSPCB",Hyderabad,Telangana,parsed_agency
346438,"Rajendra Nagar, Bareilly - UPPCB",Bareilly,Uttar Pradesh,parsed_agency
346439,"Kalindi Kunj, Khurja - UPPCB",Khurja,Uttar Pradesh,parsed_agency
352465,"New Malakpet, Hyderabad - TSPCB",Hyderabad,Telangana,parsed_agency
352777,"Kashiram Nagar, Moradabad - UPPCB",Moradabad,Uttar Pradesh,parsed_agency
353715,"Transport Nagar, Moradabad - UPPCB",Moradabad,Uttar Pradesh,parsed_agency
358448,"Kumaran College, Tirupur - TNPCB",Tirupur,Tamil Nadu,parsed_agency
358450,"Bombay Castel, Ooty - TNPCB",Ooty,Tamil Nadu,parsed_agency
358451,"Vasanthapuram, Vellore - TNPCB",Vellore,Tamil Nadu,parsed_agency
358452,"Chalai Bazaar, Ramanathapuram - TNPCB",Ramanathapuram,Tamil Nadu,parsed_agency
358453,"Mendonsa Colony, Dindigul - TNPCB",Dindigul,Tamil Nadu,parsed_agency
358454,"SIPCOT Phase-1, Hosur - TNPCB",Hosur,Tamil Nadu,parsed_agency
358455,"Sona College of Technology, Salem - TNPCB",Salem,Tamil Nadu,parsed_agency
358456,"Gulzarpet, Anantapur - APPCB",Anantapur,Andhra Pradesh,parsed_agency
358457,"PSG College of Arts and Science, Coimbatore - TNPCB",Coimbatore,Tamil Nadu,parsed_agency
358467,"Civil Lines, Bareilly - UPPCB",Bareilly,Uttar Pradesh,parsed_agency
358627,"Crescent University, Chengalpattu - TNPCB",Chengalpattu,Tamil Nadu,parsed_agency
358665,"Ramteerth Nagar, Belgaum - KSPCB",Belgaum,Karnataka,parsed_agency
361378,"Paryavaran Parisar, Bhopal - MPPCB",Bhopal,Madhya Pradesh,parsed_agency
361411,"IITG, Guwahati - PCBA",Guwahati,Assam,parsed_agency
363601,"Girls College, Sivasagar - PCBA",Sivasagar,Assam,parsed_agency
1285345,SPARTAN - IIT Kanpur,Kanpur,Uttar Pradesh,override
3174188,Malav,,,unmapped
3174189,Bicholi Hapsi,,,unmapped
3174190,Musakhedi,,,unmapped
3409317,"Chauhan Colony, Chandrapur - MPCB",Chandrapur,Maharashtra,parsed_agency
3409318,"Central School, Lucknow - CPCB",Lucknow,Uttar Pradesh,parsed_city_lookup
3409319,"Alandur Bus Depot, Chennai - CPCB",Chennai,Tamil Nadu,parsed_city_lookup
3409320,"Rabindra Bharati University, Kolkata - WBPCB",Kolkata,West Bengal,parsed_agency
3409321,Haldia - WBSPCB,Haldia,West Bengal,override
3409322,"Pimpleshwar Mandir, Thane - MPCB",Thane,Maharashtra,parsed_agency
3409323,"Worli, Mumbai - MPCB",Mumbai,Maharashtra,parsed_agency
3409329,"Deonar, Mumbai - IITM",Mumbai,Maharashtra,parsed_city_lookup
3409335,"B.Katihalli, Hassan - KSPCB",Hassan,Karnataka,parsed_agency
3409336,"GIFT City, Gandhinagar - IITM",Gandhinagar,Gujarat,parsed_city_lookup
3409338,"DRCC Anandpur, Begusarai - BSPCB",Begusarai,Bihar,parsed_agency
3409339,"Central Jail, Buxar - BSPCB",Buxar,Bihar,parsed_agency
3409340,"Zero Point GICI, Gangtok - SSPCB",Gangtok,Sikkim,override
3409341,"Manipur University, Imphal - Manipur PCB",Imphal,Manipur,parsed_agency
3409343,"Keelapalur, Ariyalur - TNPCB",Ariyalur,Tamil Nadu,parsed_agency
3409344,"Municipal Corporation Office, Tirunelveli - TNPCB",Tirunelveli,Tamil Nadu,parsed_agency
3409345,"Parisutham Nagar, Thanjavur - TNPCB",Thanjavur,Tamil Nadu,parsed_agency
3409346,"Semmandalam, Cuddalore - TNPCB",Cuddalore,Tamil Nadu,parsed_agency
3409348,"Uchapatti, Madurai - TNPCB",Madurai,Tamil Nadu,parsed_agency
3409349,"Vasanthapuram, Vellore - TNPCB",Vellore,Tamil Nadu,parsed_agency
3409350,"Velippalayam, Nagapattinam - TNPCB",Nagapattinam,Tamil Nadu,parsed_agency
3409351,"VOC Nagar_SIPCOT, Ranipet - TNPCB",Ranipet,Tamil Nadu,parsed_agency
3409353,"Kilambi, Kanchipuram - TNPCB",Kanchipuram,Tamil Nadu,parsed_agency
3409355,"Sona College of Technology, Salem - TNPCB",Salem,Tamil Nadu,parsed_agency
3409356,"Bharathidasan University, Palkalaiperur - TNPCB",Palkalaiperur,Tamil Nadu,parsed_agency
3409357,"Kamadenu Nagar, Karur - TNPCB",Karur,Tamil Nadu,parsed_agency
3409358,"St Joseph College, Tiruchirappalli - TNPCB",Tiruchirappalli,Tamil Nadu,parsed_agency
3409359,"Kalabhavan, Dharwad - KSPCB",Dharwad,Karnataka,parsed_agency
3409360,"IITG, Guwahati - PCBA",Guwahati,Assam,parsed_agency
3409361,"AIIMS, Raipur - CECB",Raipur,Chhattisgarh,parsed_agency
3409362,"Siltara Phase-II, Raipur - CECB",Raipur,Chhattisgarh,parsed_agency
3409363,"Krishak Nagar, Raipur - CECB",Raipur,Chhattisgarh,parsed_agency
3409366,"Urja Nagar, Korba - CECB",Korba,Chhattisgarh,parsed_agency
3409367,"Hathkhoj, Bhilai - CECB",Bhilai,Chhattisgarh,parsed_agency
3409368,"32Bungalows, Bhilai - CECB",Bhilai,Chhattisgarh,parsed_agency
3409369,"Maharaj Bada, Gwalior - MPPCB",Gwalior,Madhya Pradesh,parsed_agency
3409370,"Civil Lines, Sagar - MPPCB",Sagar,Madhya Pradesh,parsed_agency
3409371,"Science Center, Surat - SMC",Surat,Gujarat,override
3409372,"Gangineni Cheruvu, Chittoor - APPCB",Chittoor,Andhra Pradesh,parsed_agency
3409373,"Vaikuntapuram, Tirupathi - APPCB",Tirupati,Andhra Pradesh,parsed_agency
3409374,"Deen Dayal Nagar, Gwalior - MPPCB",Gwalior,Madhya Pradesh,parsed_agency
3409375,"Bata Chowk, Nalbari - PCBA",Nalbari,Assam,parsed_agency
3409376,"Central Academy for SFS, Byrnihat - PCBA",Byrnihat,Assam,parsed_agency
3409377,"Meher Colony, Baripada - OSPCB",Baripada,Odisha,parsed_agency
3409378,"Jagamohanpur, Keonjhar - OSPCB",Keonjhar,Odisha,parsed_agency
3409379,"Divisional Forest Office, Rairangpur - OSPCB",Rairangpur,Odisha,parsed_agency
3409380,"Tata Township, Bileipada - OSPCB",Bileipada,Odisha,parsed_agency
3409381,"Dabuna, Nayagarh - OSPCB",Nayagarh,Odisha,parsed_agency
3409382,"Raghunathpali, Rourkela - OSPCB",Rourkela,Odisha,parsed_agency
3409383,"OMC Colony, Suakati - OSPCB",Suakati,Odisha,parsed_agency
3409384,"Barsua Iron Ore Mines, Tensa - OSPCB",Tensa,Odisha,parsed_agency
3409385,"RVCE-Mailasandra, Bengaluru - KSPCB",Bengaluru,Karnataka,parsed_agency
3409386,"Mahatma Basaveswar Colony, Kalaburgi - KSPCB",Kalaburagi,Karnataka,parsed_agency
3409387,"Lingaraj Nagar, Hubballi - KSPCB",Hubballi,Karnataka,parsed_agency
3409388,"Kasturi Nagar, Bengaluru - KSPCB",Bengaluru,Karnataka,parsed_agency
3409389,"Thimmalapura, Tumakuru - KSPCB",Tumakuru,Karnataka,parsed_agency
3409390,"LGBI Airport, Guwahati - PCBA",Guwahati,Assam,parsed_agency
3409391,"Tarapur, Silchar - PCBA",Silchar,Assam,parsed_agency
3409392,"Kanuru, Vijayawada - APPCB",Vijayawada,Andhra Pradesh,parsed_agency
3409393,"Shivapura_Peenya, Bengaluru - KSPCB",Bengaluru,Karnataka,parsed_agency
3409394,"Fertilizer Township, Rourkela - OSPCB",Rourkela,Odisha,parsed_agency
3409395,"Sector-2, Rourkela - OSPCB",Rourkela,Odisha,parsed_agency
3409396,"Nawapara SECL Colony, Chhal - CECB",Chhal,Chhattisgarh,parsed_agency
3409397,"OP Jindal School, Kunjemura - CECB",Kunjemura,Chhattisgarh,parsed_agency
3409398,"Govt. Higher Secondary School, Milupara - CECB",Milupara,Chhattisgarh,parsed_agency
3409399,"OP Jindal Industrial Park, Tumidih - CECB",Tumidih,Chhattisgarh,parsed_agency
3409400,"Yerramukkapalli, Kadapa - APPCB",Kadapa,Andhra Pradesh,parsed_agency
3409401,"Samrat Ashok Udhyan, Jodhpur - RSPCB",Jodhpur,Rajasthan,parsed_agency
3409402,"Krishna Nagar, Bharatpur - RSPCB",Bharatpur,Rajasthan,parsed_agency
3409403,"MM Ground, Bikaner - RSPCB",Bikaner,Rajasthan,parsed_agency
3409404,"Subash Chowk, Churu - RSPCB",Churu,Rajasthan,parsed_agency
3409405,"Raja Ganj, Dholpur - RSPCB",Dholpur,Rajasthan,parsed_agency
3409406,"Nayapura, Kota - RSPCB",Kota,Rajasthan,parsed_agency
3409407,"Shastri Nagar, Tonk - RSPCB",Tonk,Rajasthan,parsed_agency
3409408,"Shivaji Nagar, Rishikesh - UKPCB",Rishikesh,Uttarakhand,parsed_agency
3409410,"Vedhaynath Colony, Sirohi - RSPCB",Sirohi,Rajasthan,parsed_agency
3409411,"Christianpatty, Nagaon - PCBA",Nagaon,Assam,parsed_agency
3409412,"Dhanmandi, Kota - RSPCB",Kota,Rajasthan,parsed_agency
3409413,"Idgah Hills, Bhopal - MPPCB",Bhopal,Madhya Pradesh,parsed_agency
3409414,"Vijay Nagar Scheme-78, Indore - Glenmark",Indore,Madhya Pradesh,parsed_city_lookup
3409416,"Rati Talai, Banswara - RSPCB",Banswara,Rajasthan,parsed_agency
3409417,"Shastri Nagar, Chittorgarh - RSPCB",Chittorgarh,Rajasthan,parsed_agency
3409418,"Khatikan Mohalla, Dausa - RSPCB",Dausa,Rajasthan,parsed_agency
3409419,"Railway Colony, Barmer - RSPCB",Barmer,Rajasthan,parsed_agency
3409420,"Housing Board, Hanumangarh - RSPCB",Hanumangarh,Rajasthan,parsed_agency
3409421,"Sahu Nagar, Sawai Madhopur - RSPCB",Sawai Madhopur,Rajasthan,parsed_agency
3409422,"Indra Nagar, Jhunjhunu - RSPCB",Jhunjhunu,Rajasthan,parsed_agency
3409423,"Dhoinda, Rajsamand - RSPCB",Rajsamand,Rajasthan,parsed_agency
3409424,"Old City, Sri Ganganagar - RSPCB",Sri Ganganagar,Rajasthan,parsed_agency
3409425,"Jhalamand, Jodhpur - RSPCB",Jodhpur,Rajasthan,parsed_agency
3409426,"Pragati Nagar, Pratapgarh - RSPCB",Pratapgarh,Rajasthan,parsed_agency
3409427,"Radhakishan Pura, Sikar - RSPCB",Sikar,Rajasthan,parsed_agency
3409428,"Satyawati Vihar, Karauli - RSPCB",Karauli,Rajasthan,parsed_agency
3409429,"Rajlaxmi Nagar, Jhalawar - RSPCB",Jhalawar,Rajasthan,parsed_agency
3409430,"Mansarovar Sector-12, Jaipur - RSPCB",Jaipur,Rajasthan,parsed_agency
3409431,"Digari Kalan, Jodhpur - RSPCB",Jodhpur,Rajasthan,parsed_agency
3409432,"Sector-2 Murlipura, Jaipur - RSPCB",Jaipur,Rajasthan,parsed_agency
3409433,"RIICO Sitapura, Jaipur - RSPCB",Jaipur,Rajasthan,parsed_agency
3409435,"Gavalinagar, Pimpri Chinchwad - MPCB",Pimpri Chinchwad,Maharashtra,parsed_agency
3409436,"Park Street Wakad, Pimpri Chinchwad - MPCB",Pimpri Chinchwad,Maharashtra,parsed_agency
3409439,"Savitribai Phule Pune University, Pune - MPCB",Pune,Maharashtra,parsed_agency
3409440,"Shivaji University, Kolhapur - MPCB",Kolhapur,Maharashtra,parsed_agency
3409441,"Sinchan Bhavan, Kolhapur - MPCB",Kolhapur,Maharashtra,parsed_agency
3409442,"Pratap Nagar, Bhilwara - RSPCB",Bhilwara,Rajasthan,parsed_agency
3409443,"New Colony, Bundi - RSPCB",Bundi,Rajasthan,parsed_agency
3409444,"Sadar Bazar, Jaisalmer - RSPCB",Jaisalmer,Rajasthan,parsed_agency
3409445,"Mandor, Jodhpur - RSPCB",Jodhpur,Rajasthan,parsed_agency
3409446,"Vijay Nagar, Sangli - MPCB",Sangli,Maharashtra,parsed_agency
3409447,"Bamboliya, Baran - RSPCB",Baran,Rajasthan,parsed_agency
3409448,"Ratandeep Housing Society, Solapur - MPCB",Solapur,Maharashtra,parsed_agency
3409449,"Dnyaneshwar Nagar, Solapur - MPCB",Solapur,Maharashtra,parsed_agency
3409450,"Karni Colony, Nagaur - RSPCB",Nagaur,Rajasthan,parsed_agency
3409451,"Pandav Nagari, Nashik - MPCB",Nashik,Maharashtra,parsed_agency
3409452,"Sawe Wadi, Latur - MPCB",Latur,Maharashtra,parsed_agency
3409453,"MIDC Ambad, Nashik - MPCB",Nashik,Maharashtra,parsed_agency
3409454,"Hirawadi, Nashik - MPCB",Nashik,Maharashtra,parsed_agency
3409455,"Kamble Tarf Birwadi, Mahad - MPCB",Mahad,Maharashtra,parsed_agency
3409456,"Ramdaspeth, Akola - MPCB",Akola,Maharashtra,parsed_agency
3409457,"Tarakpur, Ahmednagar - MPCB",Ahmednagar,Maharashtra,parsed_agency
3409458,"Shivneri Colony, Amravati - MPCB",Amravati,Maharashtra,parsed_agency
3409459,"Shri Shivaji Science College, Amaravati - MPCB",Amravati,Maharashtra,override
3409460,"MIDC Chilkalthana, Aurangabad - MPCB",Aurangabad,Maharashtra,parsed_agency
3409461,"Rachnakar Colony, Aurangabad - MPCB",Aurangabad,Maharashtra,parsed_agency
3409462,"Prabhat Colony, Jalgaon - MPCB",Jalgaon,Maharashtra,parsed_agency
3409464,"Ambazari, Nagpur - MPCB",Nagpur,Maharashtra,parsed_agency
3409465,"Ram Nagar, Nagpur - MPCB",Nagpur,Maharashtra,parsed_agency
3409466,"Masoom Colony, Parbhani - MPCB",Parbhani,Maharashtra,parsed_agency
3409467,"Sneh Nagar, Nanded - MPCB",Nanded,Maharashtra,parsed_agency
3409468,"Mahal, Nagpur - MPCB",Nagpur,Maharashtra,parsed_agency
3409469,"Kasarvadavali, Thane - MPCB",Thane,Maharashtra,parsed_agency
3409470,"Katrap, Badlapur - MPCB",Badlapur,Maharashtra,parsed_agency
3409471,"Sector-2E Kalamboli, Navi Mumbai - MPCB",Navi Mumbai,Maharashtra,parsed_agency
3409472,"Upvan Fort, Thane - MPCB",Thane,Maharashtra,parsed_agency
3409473,"Deopur, Dhule - MPCB",Dhule,Maharashtra,parsed_agency
3409474,"Mahesh Nagar, Malegaon - MPCB",Malegaon,Maharashtra,parsed_agency
3409475,"Tondare-Taloja, Navi Mumbai - MPCB",Navi Mumbai,Maharashtra,parsed_agency
3409476,"CBD Belapur, Belapur - MPCB",Belapur,Maharashtra,parsed_agency
3409477,"Kopripada-Vashi, Navi Mumbai - MPCB",Navi Mumbai,Maharashtra,parsed_agency
3409478,"Bhayandar West, Mira-Bhayandar - MPCB",Mira-Bhayandar,Maharashtra,parsed_agency
3409479,"Mindspace-Malad West, Mumbai - MPCB",Mumbai,Maharashtra,parsed_agency
3409480,"Bolinj, Virar - MPCB",Virar,Maharashtra,parsed_agency
3409481,"Khaira, Boisar - MPCB",Boisar,Maharashtra,parsed_agency
3409482,"Bandra Kurla Complex, Mumbai - MPCB",Mumbai,Maharashtra,parsed_agency
3409483,"Chembur, Mumbai - MPCB",Mumbai,Maharashtra,parsed_agency
3409484,"Sidhi Vinayak Nagar, Ulhasnagar - MPCB",Ulhasnagar,Maharashtra,parsed_agency
3409485,"Gokul Nagar, Bhiwandi - MPCB",Bhiwandi,Maharashtra,parsed_agency
3409486,"Kherwadi_Bandra East, Mumbai - MPCB",Mumbai,Maharashtra,parsed_agency
3409488,"Suhagi, Jabalpur - JMC",Jabalpur,Madhya Pradesh,parsed_city_lookup
3409489,"Gupteshwar, Jabalpur - JMC",Jabalpur,Madhya Pradesh,parsed_city_lookup
3409492,"HB Colony, Vijayawada - APPCB",Vijayawada,Andhra Pradesh,parsed_agency
3409493,"Rajiv Gandhi Park, Vijayawada - APPCB",Vijayawada,Andhra Pradesh,parsed_agency
3409494,"Bhoiwada, Dungarpur - RSPCB",Dungarpur,Rajasthan,parsed_agency
3409495,"Mudtra Sili, Jalore - RSPCB",Jalore,Rajasthan,parsed_agency
3409497,"KHB Colony, Karwar - KSPCB",Karwar,Karnataka,parsed_agency
3409498,"Residency Area, Indore - IMC",Indore,Madhya Pradesh,parsed_city_lookup
3409499,"Regional Park, Indore - MPPCB",Indore,Madhya Pradesh,parsed_agency
3409501,"Airport Area, Indore - IMC",Indore,Madhya Pradesh,parsed_city_lookup
3409503,"Forest Office, Barbil - OSPCB",Barbil,Odisha,parsed_agency
3409504,"Hakimapada, Angul - OSPCB",Angul,Odisha,parsed_agency
3409505,"Lingraj Mandir, Bhubaneswar - OSPCB",Bhubaneswar,Odisha,parsed_agency
3409506,"CDA Area, Cuttack - OSPCB",Cuttack,Odisha,parsed_agency
3409507,"Ferro Chrome Colony, Byasanagar - OSPCB",Byasanagar,Odisha,parsed_agency
3409508,"Patia, Bhubaneswar - OSPCB",Bhubaneswar,Odisha,parsed_agency
3409509,"SVSPA Campus, Barrackpore - WBPCB",Barrackpore,West Bengal,parsed_agency
3409510,"Byculla, Mumbai - BMC",Mumbai,Maharashtra,parsed_city_lookup
3409511,"Shivaji Nagar, Mumbai - BMC",Mumbai,Maharashtra,parsed_city_lookup
3409512,"Kandivali West, Mumbai - BMC",Mumbai,Maharashtra,parsed_city_lookup
3409513,"Sewri, Mumbai - BMC",Mumbai,Maharashtra,parsed_city_lookup
3409514,"Ghatkopar, Mumbai - BMC",Mumbai,Maharashtra,parsed_city_lookup
3409515,"Govindh Bhavan Colony, Jabalpur - MPPCB",Jabalpur,Madhya Pradesh,parsed_agency
3409516,"SIPCOT Nathampannai, Pudukottai - TNPCB",Pudukottai,Tamil Nadu,parsed_agency
3409517,"Collectorate Office, Virudhunagar - TNPCB",Virudhunagar,Tamil Nadu,parsed_agency
3409518,"Rajiv Nagar, Vijayawada - APPCB",Vijayawada,Andhra Pradesh,parsed_agency
3409519,"Vasundhara Nagar_UIT, Bhiwadi - RSPCB",Bhiwadi,Rajasthan,parsed_agency
3409520,"PCBL Residential Complex, Durgapur - WBPCB",Durgapur,West Bengal,parsed_agency
3409521,"Evelyn Lodge, Asansol - WBPCB",Asansol,West Bengal,parsed_agency
3409522,"Mahabir Colliery, Asansol - WBPCB",Asansol,West Bengal,parsed_agency
3409523,"Bhumkar Nagar, Pune - IITM",Pune,Maharashtra,parsed_city_lookup
3409525,"Trivenidevi Bhalotia College, Asansol - WBPCB",Asansol,West Bengal,parsed_agency
3409526,"Panchawati_Pashan, Pune - IITM",Pune,Maharashtra,parsed_city_lookup
3409527,"SIPCOT Industrial Park, Perundurai - TNPCB",Perundurai,Tamil Nadu,parsed_agency
3409528,"Savta Mali Nagar, Pimpri-Chinchwad - IITM",Pimpri Chinchwad,Maharashtra,parsed_city_lookup
3410003,"Police Line, Sri Vijaya Puram - ANPCC",Sri Vijaya Puram,Andaman and Nicobar Islands,override
3410004,"Amity University, Panchgaon - IITM",Panchgaon,Haryana,override
3410005,"Dhankawadi, Pune - IITM",Pune,Maharashtra,parsed_city_lookup
