date,festival_name,note
2018-11-07,Diwali,Lakshmi Puja (Drik Panchang New Delhi)
2019-10-27,Diwali,Lakshmi Puja (Drik Panchang New Delhi)
2020-11-14,Diwali,Lakshmi Puja (Drik Panchang New Delhi)
2021-11-04,Diwali,Lakshmi Puja (Drik Panchang New Delhi)
2022-10-24,Diwali,Lakshmi Puja (Drik Panchang New Delhi)
2023-11-12,Diwali,Lakshmi Puja (Drik Panchang New Delhi)
2024-10-31,Diwali,Split observance (project date); Drik Panchang New Delhi gives 2024-11-01
2024-11-01,Diwali,Split observance; Lakshmi Puja (Drik Panchang New Delhi)
2025-10-20,Diwali,Split observance; Lakshmi Puja (Drik Panchang New Delhi)
2025-10-21,Diwali,Split observance; second day not independently verified
2026-11-08,Diwali,Lakshmi Puja (Drik Panchang New Delhi)
