parameter,avg_hours,conc_low,conc_high,aqi_low,aqi_high
pm10,24,0,50,0,50
pm10,24,51,100,51,100
pm10,24,101,250,101,200
pm10,24,251,350,201,300
pm10,24,351,430,301,400
pm10,24,431,,401,500
pm25,24,0,30,0,50
pm25,24,31,60,51,100
pm25,24,61,90,101,200
pm25,24,91,120,201,300
pm25,24,121,250,301,400
pm25,24,251,,401,500
no2,24,0,40,0,50
no2,24,41,80,51,100
no2,24,81,180,101,200
no2,24,181,280,201,300
no2,24,281,400,301,400
no2,24,401,,401,500
o3,8,0,50,0,50
o3,8,51,100,51,100
o3,8,101,168,101,200
o3,8,169,208,201,300
o3,8,209,748,301,400
o3,8,749,,401,500
co,8,0,1.0,0,50
co,8,1.1,2.0,51,100
co,8,2.1,10,101,200
co,8,10.1,17,201,300
co,8,17.1,34,301,400
co,8,34.1,,401,500
so2,24,0,40,0,50
so2,24,41,80,51,100
so2,24,81,380,101,200
so2,24,381,800,201,300
so2,24,801,1600,301,400
so2,24,1601,,401,500
nh3,24,0,200,0,50
nh3,24,201,400,51,100
nh3,24,401,800,101,200
nh3,24,801,1200,201,300
nh3,24,1201,1800,301,400
nh3,24,1801,,401,500
pb,24,0,0.5,0,50
pb,24,0.6,1.0,51,100
pb,24,1.1,2.0,101,200
pb,24,2.1,3.0,201,300
pb,24,3.1,3.5,301,400
pb,24,3.6,,401,500
